[
 {
  "id":"1",
  "cid":"São Paulo",
  "uf":"0"
 }, 
 {
  "id":"2",
  "cid":"Rio de Janeiro",
  "uf":"0"
 }, 
 {
  "id":"3",
  "cid":"Paraná",
  "uf":"0"
 }, 
 {
  "id":"4",
  "cid":"New York",
  "uf":"1"
 }, 
 {
  "id":"5",
  "cid":"Alabama",
  "uf":"1"
 }, 
 {
  "id":"6",
  "cid":"California",
  "uf":"1"
 }, 
 {
  "id":"7",
  "cid":"Ontario",
  "uf":"2"
 }, 
 {
  "id":"8",
  "cid":"British Columbia",
  "uf":"2"
 }, 
 {
  "id":"9",
  "cid":"New South Wales",
  "uf":"3"
 }, 
 {
  "id":"10",
  "cid":"Queensland",
  "uf":"3"
 }, 
 {
  "id":"11",
  "cid":"New York city",
  "uf":"4"
 }, 
 {
  "id":"12",
  "cid":"Buffalo",
  "uf":"4"
 }, 
 {
  "id":"13",
  "cid":"Albany",
  "uf":"4"
 }, 
 {
  "id":"14",
  "cid":"Birmingham",
  "uf":"5"
 }, 
 {
  "id":"15",
  "cid":"Montgomery",
  "uf":"5"
 }, 
 {
  "id":"16",
  "cid":"Huntsville",
  "uf":"5"
 }, 
 {
  "id":"17",
  "cid":"Los Angeles",
  "uf":"6"
 }, 
 {
  "id":"18",
  "cid":"San Francisco",
  "uf":"6"
 }, 
 {
  "id":"19",
  "cid":"San Diego",
  "uf":"6"
 }, 
 {
  "id":"20",
  "cid":"Toronto",
  "uf":"7"
 }, 
 {
  "id":"21",
  "cid":"Ottawa",
  "uf":"7"
 }, 
 {
  "id":"22",
  "cid":"Vancouver",
  "uf":"8"
 }, 
 {
  "id":"23",
  "cid":"Victoria",
  "uf":"8"
 }, 
 {
  "id":"24",
  "cid":"Sydney",
  "uf":"9"
 }, 
 {
  "id":"25",
  "cid":"Newcastle",
  "uf":"9"
 }, 
 {
  "id":"26",
  "cid":"City of Brisbane",
  "uf":"10"
 }, 
 {
  "id":"27",
  "cid":"Gold Coast",
  "uf":"10"
 }
]
